Name,Launch Site,State,Latitude,Longitude,Day,Year
AAUSat-4,Guiana Space Center,French Guiana,5.21237515,-52.77388327,20160425,2016
"ABS-2 (Koreasat-8, ST-3)",Guiana Space Center,French Guiana,5.21237515,-52.77388327,20140206,2014
ABS-2A,Cape Canaveral,Florida,28.45077,-80.52662,20160615,2016
ABS-3A ,Cape Canaveral,Florida,28.45077,-80.52662,20150302,2015
"ABS-4 (ABS-2i, MBSat, Mobile Broadcasting Satellite, Han Byul)",Cape Canaveral,Florida,28.45077,-80.52662,20040313,2004
"ABS-7 (Koreasat 3, Mugungwha 3)",Guiana Space Center,French Guiana,5.21237515,-52.77388327,19990904,1999
"Advanced Orion 2 (Mentor, NROL 6, USA 139)",Cape Canaveral,Florida,28.45077,-80.52662,19980509,1998
"Advanced Orion 3 (Mentor, NROL 19, USA 171)",Cape Canaveral,Florida,28.45077,-80.52662,20030909,2003
"Advanced Orion 4 (Mentor, NRO L-26, USA 202)",Cape Canaveral,Florida,28.45077,-80.52662,20090118,2009
"Advanced Orion 5 (Mentor, NRO L-32, USA 223)",Cape Canaveral,Florida,28.45077,-80.52662,20101121,2010
"Advanced Orion 6 (Mentor, NRO L-15, USA 237)",Cape Canaveral,Florida,28.45077,-80.52662,20120629,2012
"Advanced Orion 7 (Mentor, NRO L-37, USA 268)",Cape Canaveral,Florida,28.45077,-80.52662,20160611,2016
"AEHF-2 (Advanced Extremely High Frequency satellite-2, USA 235)",Cape Canaveral,Florida,28.45077,-80.52662,20120503,2012
"AEHF-3 (Advanced Extremely High Frequency satellite-3, USA 246)",Cape Canaveral,Florida,28.45077,-80.52662,20130918,2013
Aeneas,Vandenberg AFB,California,34.7425933,-120.5155986,20120913,2012
Aerocube 4.5A,Vandenberg AFB,California,34.7425933,-120.5155986,20120913,2012
Aerocube 4.5B,Vandenberg AFB,California,34.7425933,-120.5155986,20120913,2012
Aerocube 5A,Vandenberg AFB,California,34.7425933,-120.5155986,20131206,2013
Aerocube 5B,Vandenberg AFB,California,34.7425933,-120.5155986,20131206,2013
Aerocube 5C,Vandenberg AFB,California,34.7425933,-120.5155986,20151008,2015
Aerocube 7A,Vandenberg AFB,California,34.7425933,-120.5155986,20151008,2015
Aerocube 8A,Cape Canaveral,Florida,28.45077,-80.52662,20150520,2015
Aerocube 8B,Cape Canaveral,Florida,28.45077,-80.52662,20150520,2015
Aerocube 8C,Vandenberg AFB,California,34.7425933,-120.5155986,20161111,2016
Aerocube 8D,Vandenberg AFB,California,34.7425933,-120.5155986,20161111,2016
"Afghansat-1 (Eutelsat 28B, Eutelsat 48B, Eutelsat W2M, Eutelsat 48D)",Guiana Space Center,French Guiana,5.21237515,-52.77388327,20081220,2008
Afristar ,Guiana Space Center,French Guiana,5.21237515,-52.77388327,19981028,1998
AIM (Aeronomy of Ice in Mesosphere),Vandenberg AFB,California,34.7425933,-120.5155986,20070425,2007
ALiCE__(AFIT LEO iMESA CNT E),Vandenberg AFB,California,34.7425933,-120.5155986,20131206,2013
Alphasat I-XL__(Inmarsat IV-A F4),Guiana Space Center,French Guiana,5.21237515,-52.77388327,20130725,2013
Altair-1 (Altair Pathfinder),International Space Center,Texas,29.5517223,-95.0985272,20170518,2017
Amazonas-2,Guiana Space Center,French Guiana,5.21237515,-52.77388327,20091001,2009
Amazonas-3,Guiana Space Center,French Guiana,5.21237515,-52.77388327,20130207,2013
Amazonas-4A,Guiana Space Center,French Guiana,5.21237515,-52.77388327,20140322,2014
"AMC-1 (Americom 1, GE-1)",Cape Canaveral,Florida,28.45077,-80.52662,19960908,1996
"AMC-10 (Americom-10, GE 10)",Cape Canaveral,Florida,28.45077,-80.52662,20040205,2004
"AMC-11 (Americom-11, GE 11)",Cape Canaveral,Florida,28.45077,-80.52662,20040519,2004
AMC-16 (Americom-16),Cape Canaveral,Florida,28.45077,-80.52662,20041217,2004
AMC-18 (Americom 18),Guiana Space Center,French Guiana,5.21237515,-52.77388327,20061208,2006
"AMC-2 (Americom 2, GE-2)",Guiana Space Center,French Guiana,5.21237515,-52.77388327,19970130,1997
AMC-21 (Americom 21),Guiana Space Center,French Guiana,5.21237515,-52.77388327,20080814,2008
"AMC-3 (Americom 3, GE-3)",Cape Canaveral,Florida,28.45077,-80.52662,19970904,1997
"AMC-4 (Americom-4, GE-4)",Guiana Space Center,French Guiana,5.21237515,-52.77388327,19991113,1999
"AMC-7 (Americom-7, GE-7)",Guiana Space Center,French Guiana,5.21237515,-52.77388327,20000914,2000
"AMC-8 (Americom-8, GE-8, Aurora 3)",Guiana Space Center,French Guiana,5.21237515,-52.77388327,20001219,2000
Amsat-Oscar 7 (AO-7),Vandenberg AFB,California,34.7425933,-120.5155986,19741115,1974
Anik F1 ,Guiana Space Center,French Guiana,5.21237515,-52.77388327,20001121,2000
Anik F2 ,Guiana Space Center,French Guiana,5.21237515,-52.77388327,20040718,2004
AOBA-Velox 3 ,International Space Center,Texas,29.5517223,-95.0985272,20161209,2016
Arabsat 5C,Guiana Space Center,French Guiana,5.21237515,-52.77388327,20110921,2011
ARC-1 (Alaska Research Satellite-1),Cape Canaveral,Florida,28.45077,-80.52662,20151008,2015
ArSat 1,Guiana Space Center,French Guiana,5.21237515,-52.77388327,20141016,2014
ArSat 2,Guiana Space Center,French Guiana,5.21237515,-52.77388327,20150930,2015
Artemis (Advanced Data Relay and Technology Mission Satellite) ,Guiana Space Center,French Guiana,5.21237515,-52.77388327,20010712,2001
AsiaSat-4 ,Cape Canaveral,Florida,28.45077,-80.52662,20030412,2003
AsiaSat-6 (Thaicom-7),Cape Canaveral,Florida,28.45077,-80.52662,20140907,2014
AsiaSat-8,Cape Canaveral,Florida,28.45077,-80.52662,20140805,2014
AsiaStar ,Guiana Space Center,French Guiana,5.21237515,-52.77388327,20000321,2000
Astra 1D ,Guiana Space Center,French Guiana,5.21237515,-52.77388327,19941101,1994
Astra 1KR,Cape Canaveral,Florida,28.45077,-80.52662,20060420,2006
Astra 1L,Guiana Space Center,French Guiana,5.21237515,-52.77388327,20070504,2007
Astra 1N,Guiana Space Center,French Guiana,5.21237515,-52.77388327,20110806,2011
Astra 2B ,Guiana Space Center,French Guiana,5.21237515,-52.77388327,20000914,2000
Astra 2D,Guiana Space Center,French Guiana,5.21237515,-52.77388327,20001219,2000
Astra 2F,Guiana Space Center,French Guiana,5.21237515,-52.77388327,20120928,2012
Astra 3A ,Guiana Space Center,French Guiana,5.21237515,-52.77388327,20020329,2002
Astra 3B,Guiana Space Center,French Guiana,5.21237515,-52.77388327,20100521,2010
Astra 5B,Guiana Space Center,French Guiana,5.21237515,-52.77388327,20140322,2014
Athena-Fidus__(Access on THeatres for European Nations Allied forces - French Italian Dual Use Satellite),Guiana Space Center,French Guiana,5.21237515,-52.77388327,20140206,2014
Atlantis (QB50 - US02),International Space Center,Texas,29.5517223,-95.0985272,20170526,2017
Azerspace/Africasat-1a (Azersat-1),Guiana Space Center,French Guiana,5.21237515,-52.77388327,20130207,2013
Badr 5A (Arabsat 5A),Guiana Space Center,French Guiana,5.21237515,-52.77388327,20100626,2010
Badr 6 (Arabsat 4AR),Guiana Space Center,French Guiana,5.21237515,-52.77388327,20080707,2008
Badr 7 (Arabsat 6B),Guiana Space Center,French Guiana,5.21237515,-52.77388327,20151110,2015
BeEagleSat (QB 50 - TR01),International Space Center,Texas,29.5517223,-95.0985272,20170526,2017
BermudaSat-1 (Echostar 6) ,Cape Canaveral,Florida,28.45077,-80.52662,20000714,2000
BisonSat (Nwist Qwiqway),Cape Canaveral,Florida,28.45077,-80.52662,20151008,2015
BRAC ONNESHA (Bird BB),International Space Center,Texas,29.5517223,-95.0985272,20170707,2017
Brazilsat B-2 (Brasilsat B-2),Guiana Space Center,French Guiana,5.21237515,-52.77388327,19950328,1995
Brazilsat B-3 (Brasilsat B-3),Guiana Space Center,French Guiana,5.21237515,-52.77388327,19980204,1998
Brazilsat B-4 (Brasilsat B-4),Guiana Space Center,French Guiana,5.21237515,-52.77388327,20000817,2000
BRISat,Guiana Space Center,French Guiana,5.21237515,-52.77388327,20160619,2016
BSAT-3A,Guiana Space Center,French Guiana,5.21237515,-52.77388327,20070814,2007
BSAT-3B,Guiana Space Center,French Guiana,5.21237515,-52.77388327,20101028,2010
BSAT-3C/JCSat 110-R,Guiana Space Center,French Guiana,5.21237515,-52.77388327,20110806,2011
BulgariaSat-1,Cape Canaveral,Florida,28.45077,-80.52662,20170623,2017
Calipso (Cloud-Aerosol Lidar and Infrared Pathfinder Satellite Observation),Vandenberg AFB,California,34.7425933,-120.5155986,20060428,2006
Cassiope (CAScade SmallSat and Ionospheric Polar Explorer),Vandenberg AFB,California,34.7425933,-120.5155986,20130929,2013
CELTEE-1 (CubeSat Enhanced Locator Transponder Evaluation Experiment-1),Vandenberg AFB,California,34.7425933,-120.5155986,20161111,2016
CFESat (Cibola Flight Experiment Satellite),Cape Canaveral,Florida,28.45077,-80.52662,20070309,2007
Challenger (QB50-US01/QBUS-1),International Space Center,Texas,29.5517223,-95.0985272,20170526,2017
Chandra X-Ray Observatory (CXO),Cape Canaveral,Florida,28.45077,-80.52662,19990723,1999
"CINEMA-1 (Cubesat for Ion, Neutral, Electron, Magnetic fields)",Vandenberg AFB,California,34.7425933,-120.5155986,20120913,2012
CLIO (USA 257),Cape Canaveral,Florida,28.45077,-80.52662,20140916,2014
Cloudsat,Vandenberg AFB,California,34.7425933,-120.5155986,20060428,2006
Columbia (QB50 - US04),International Space Center,Texas,29.5517223,-95.0985272,20170418,2017
"COMS-1 (Communication, Ocean and Meteorological Satellite; Cheollian)",Guiana Space Center,French Guiana,5.21237515,-52.77388327,20100626,2010
COMSATBw-1 (COmmunications SATellite f_r BundesWehr),Guiana Space Center,French Guiana,5.21237515,-52.77388327,20091001,2009
COMSATBw-2 (COmmunications SATellite f_r BundesWehr),Guiana Space Center,French Guiana,5.21237515,-52.77388327,20100521,2010
Coriolis (Windsat),Vandenberg AFB,California,34.7425933,-120.5155986,20030106,2003
"COSMIC-A (Formosat-3A, Constellation Observing System for Meteorology, Ionosphere and Climate)",Vandenberg AFB,California,34.7425933,-120.5155986,20060415,2006
"COSMIC-B (Formosat-3B, Constellation Observing System for Meteorology, Ionosphere and Climate)",Vandenberg AFB,California,34.7425933,-120.5155986,20060415,2006
"COSMIC-D (Formosat-3D, Constellation Observing System for Meteorology, Ionosphere and Climate)",Vandenberg AFB,California,34.7425933,-120.5155986,20060415,2006
"COSMIC-E (Formosat-3E, Constellation Observing System for Meteorology, Ionosphere and Climate)",Vandenberg AFB,California,34.7425933,-120.5155986,20060415,2006
"COSMIC-F (Formosat-3F, Constellation Observing System for Meteorology, Ionosphere and Climate)",Vandenberg AFB,California,34.7425933,-120.5155986,20060415,2006
COSMO-Skymed 1 (Constellation of small Satellites for Mediterranean basin Observation),Vandenberg AFB,California,34.7425933,-120.5155986,20070608,2007
COSMO-Skymed 2 (Constellation of small Satellites for Mediterranean basin Observation),Vandenberg AFB,California,34.7425933,-120.5155986,20071209,2007
COSMO-Skymed 3 (Constellation of small Satellites for Mediterranean basin Observation),Vandenberg AFB,California,34.7425933,-120.5155986,20081025,2008
COSMO-Skymed 4 (Constellation of small Satellites for Mediterranean basin Observation),Vandenberg AFB,California,34.7425933,-120.5155986,20101106,2010
CP-10 (Exocube),Vandenberg AFB,California,34.7425933,-120.5155986,20150131,2015
CSUNSAT-1 (California State University at Northridge Satellite),International Space Center,Texas,29.5517223,-95.0985272,20170518,2017
CUSat-1 (Cornell University Satellite 1),Vandenberg AFB,California,34.7425933,-120.5155986,20130929,2013
CXBN-2 (Cosmic X-Ray Background Nanosatellite-2),International Space Center,Texas,29.5517223,-95.0985272,20170418,2017
CYGNSS FM01 (Cyclone Global Navigation Satellite System),Orbital ATK,California,39.01197615,-77.4309897,20161215,2016
CYGNSS FM02 (Cyclone Global Navigation Satellite System),Orbital ATK,California,39.01197615,-77.4309897,20161215,2016
CYGNSS FM03 (Cyclone Global Navigation Satellite System),Orbital ATK,California,39.01197615,-77.4309897,20161215,2016
CYGNSS FM04 (Cyclone Global Navigation Satellite System),Orbital ATK,California,39.01197615,-77.4309897,20161215,2016
CYGNSS FM05 (Cyclone Global Navigation Satellite System),Orbital ATK,California,39.01197615,-77.4309897,20161215,2016
CYGNSS FM06 (Cyclone Global Navigation Satellite System),Orbital ATK,California,39.01197615,-77.4309897,20161215,2016
CYGNSS FM07 (Cyclone Global Navigation Satellite System),Orbital ATK,California,39.01197615,-77.4309897,20161215,2016
CYGNSS FM08 (Cyclone Global Navigation Satellite System),Orbital ATK,California,39.01197615,-77.4309897,20161215,2016
DHFR (DARPA High Frequency Receiver),Cape Canaveral,Florida,28.45077,-80.52662,20170826,2017
DirecTV-11,Ocean Odyssey,California,40.012573,-74.151876,20080319,2008
DirecTV-14,Guiana Space Center,French Guiana,5.21237515,-52.77388327,20141206,2014
DirecTV-15,Guiana Space Center,French Guiana,5.21237515,-52.77388327,20150527,2015
DirecTV-1R ,Ocean Odyssey,California,40.012573,-74.151876,19991010,1999
DirecTV-4S ,Guiana Space Center,French Guiana,5.21237515,-52.77388327,20011127,2001
DirecTV-7S ,Ocean Odyssey,California,40.012573,-74.151876,20040504,2004
DirecTV-9S,Guiana Space Center,French Guiana,5.21237515,-52.77388327,20061013,2006
"DMSP 5D-2 F14 (Defense Meteorological Satellites Program, USA 131)",Vandenberg AFB,California,34.7425933,-120.5155986,19970404,1997
"DMSP 5D-3 F15 (Defense Meteorological Satellites Program, USA 147)",Vandenberg AFB,California,34.7425933,-120.5155986,19991212,1999
"DMSP 5D-3 F16 (Defense Meteorological Satellites Program, USA 172)",Vandenberg AFB,California,34.7425933,-120.5155986,20031018,2003
"DMSP 5D-3 F17 (Defense Meteorological Satellites Program, USA 173)",Vandenberg AFB,California,34.7425933,-120.5155986,20061104,2006
"DMSP 5D-3 F18 (Defense Meteorological Satellites Program, USA 210)",Vandenberg AFB,California,34.7425933,-120.5155986,20091018,2009
Dove 2e-1 (0 Flock 2E-1 0C37),International Space Center,Texas,29.5517223,-95.0985272,20160517,2016
Dove 2e-10 (0 Flock 2E-10 0C82),International Space Center,Texas,29.5517223,-95.0985272,20160601,2016
Dove 2e-11 (0 Flock 2E-11 0C13),International Space Center,Texas,29.5517223,-95.0985272,20160601,2016
Dove 2e-12 (0 Flock 2E-12 0C79),International Space Center,Texas,29.5517223,-95.0985272,20160601,2016
Dove 2e-2 (0 Flock 2E-2 0C78),International Space Center,Texas,29.5517223,-95.0985272,20160517,2016
Dove 2e-3 (0 Flock 2E-3 0C60),International Space Center,Texas,29.5517223,-95.0985272,20160517,2016
Dove 2e-4 (0 Flock 2E-4 0C41),International Space Center,Texas,29.5517223,-95.0985272,20160517,2016
Dove 2e-5 (0 Flock 2E-5 0C43),International Space Center,Texas,29.5517223,-95.0985272,20160530,2016
Dove 2e-6 (0 Flock 2E-6 0C75),International Space Center,Texas,29.5517223,-95.0985272,20160530,2016
Dove 2e-7 (0 Flock 2E-7 0C24),International Space Center,Texas,29.5517223,-95.0985272,20160531,2016
Dove 2e-8 (0 Flock 2E-8 0C2B),International Space Center,Texas,29.5517223,-95.0985272,20160531,2016
Dove 2e-9 (0 Flock 2E-9 0C14),International Space Center,Texas,29.5517223,-95.0985272,20160601,2016
Dove 2ep-1 (0 Flock 2EP-1 0D05),International Space Center,Texas,29.5517223,-95.0985272,20160517,2016
Dove 2ep-10 (0 Flock 2EP-10 0C65),International Space Center,Texas,29.5517223,-95.0985272,20160603,2016
Dove 2ep-11 (0 Flock 2EP-11 0C27),International Space Center,Texas,29.5517223,-95.0985272,20160603,2016
Dove 2ep-12 (0 Flock 2EP-12 0C81),International Space Center,Texas,29.5517223,-95.0985272,20160603,2016
Dove 2ep-13 (0 Flock 2EP-13 0C45),International Space Center,Texas,29.5517223,-95.0985272,20160915,2016
Dove 2ep-14 (0 Flock 2EP-14 0C56),International Space Center,Texas,29.5517223,-95.0985272,20160915,2016
Dove 2ep-15 (0 Flock 2EP-15 0C54),International Space Center,Texas,29.5517223,-95.0985272,20160915,2016
Dove 2ep-16 (0 Flock 2EP-16 0C0B),International Space Center,Texas,29.5517223,-95.0985272,20160915,2016
Dove 2ep-17 (0 Flock 2EP-17 0C12),International Space Center,Texas,29.5517223,-95.0985272,20160915,2016
Dove 2ep-18 (0 Flock 2EP-18 0C44),International Space Center,Texas,29.5517223,-95.0985272,20160916,2016
Dove 2ep-19 (0 Flock 2EP-19 0C62),International Space Center,Texas,29.5517223,-95.0985272,20160915,2016
Dove 2ep-2 (0 Flock 2EP-2 0C1B),International Space Center,Texas,29.5517223,-95.0985272,20160517,2016
Dove 2ep-20 (0 Flock 2EP-20 0C38),International Space Center,Texas,29.5517223,-95.0985272,20160917,2016
Dove 2ep-3 (0 Flock 2EP-3 0D06),International Space Center,Texas,29.5517223,-95.0985272,20160517,2016
Dove 2ep-4 (0 Flock 2EP-4 0C22),International Space Center,Texas,29.5517223,-95.0985272,20160517,2016
Dove 2ep-5 (0 Flock 2EP-5 0C59),International Space Center,Texas,29.5517223,-95.0985272,20160601,2016
Dove 2ep-6 (0 Flock 2EP-6 0C46),International Space Center,Texas,29.5517223,-95.0985272,20160601,2016
Dove 2ep-7 (0 Flock 2EP-7 0C42),International Space Center,Texas,29.5517223,-95.0985272,20160601,2016
Dove 2ep-8 (0 Flock 2EP-8 0C76),International Space Center,Texas,29.5517223,-95.0985272,20160601,2016
Dove 2ep-9 (0 Flock 2EP-9 0C19),International Space Center,Texas,29.5517223,-95.0985272,20160603,2016
"DSCS III-A3 (USA 167, DSCS III-A3) (Defense Satellite Communications System)",Cape Canaveral,Florida,28.45077,-80.52662,20030311,2003
"DSCS III-B6 (USA 170, DSCS III B-6) (Defense Satellite Communications System)",Cape Canaveral,Florida,28.45077,-80.52662,20030829,2003
"DSCS III-F10 (USA 135, DSCS III B-13) (Defense Satellite Communications System)",Cape Canaveral,Florida,28.45077,-80.52662,19971024,1997
"DSCS III-F11 (USA 148, DSCS III B-8) (Defense Satellite Communications System)",Cape Canaveral,Florida,28.45077,-80.52662,20000101,2000
"DSCS III-F12 (USA 153, DSCS III B-11) (Defense Satellite Communications System)",Cape Canaveral,Florida,28.45077,-80.52662,20001020,2000
"DSCS III-F9 (USA 113, DSCS III B-7) (Defense Satellite Communications System)",Cape Canaveral,Florida,28.45077,-80.52662,19950731,1995
DSP 18 (USA 130) (Defense Support Program),Cape Canaveral,Florida,28.45077,-80.52662,19970223,1997
DSP 20 (USA 149) (Defense Support Program),Cape Canaveral,Florida,28.45077,-80.52662,20000518,2000
DSP 21 (USA 159) (Defense Support Program),Cape Canaveral,Florida,28.45077,-80.52662,20010806,2001
DSP 22 (USA 176) (Defense Support Program),Cape Canaveral,Florida,28.45077,-80.52662,20040214,2004
Echostar 10,Ocean Odyssey,California,40.012573,-74.151876,20060215,2006
Echostar 11,Ocean Odyssey,California,40.012573,-74.151876,20080716,2008
Echostar 12 (Rainbow-1) ,Cape Canaveral,Florida,28.45077,-80.52662,20030717,2003
Echostar 17,Guiana Space Center,French Guiana,5.21237515,-52.77388327,20120705,2012
Echostar 18,Guiana Space Center,French Guiana,5.21237515,-52.77388327,20160619,2016
Echostar 19,Cape Canaveral,Florida,28.45077,-80.52662,20161218,2016
Echostar 23,Cape Canaveral,Florida,28.45077,-80.52662,20170316,2017
Echostar 7 ,Cape Canaveral,Florida,28.45077,-80.52662,20020221,2002
"Echostar 9/Galaxy 23 (G-23, Intelsat 1A-13, Telstar 13)",Ocean Odyssey,California,40.012573,-74.151876,20030808,2003
"Echostar G1 (ICO G1, DBSD G1)",Cape Canaveral,Florida,28.45077,-80.52662,20080414,2008
ELISA-E12 (ELectronic Intelligence by SAtellite),Guiana Space Center,French Guiana,5.21237515,-52.77388327,20111217,2011
ELISA-E24 (ELectronic Intelligence by SAtellite),Guiana Space Center,French Guiana,5.21237515,-52.77388327,20111217,2011
ELISA-W11 (ELectronic Intelligence by SAtellite),Guiana Space Center,French Guiana,5.21237515,-52.77388327,20111217,2011
ELISA-W23 (ELectronic Intelligence by SAtellite),Guiana Space Center,French Guiana,5.21237515,-52.77388327,20111217,2011
EOS-AM Terra ,Vandenberg AFB,California,34.7425933,-120.5155986,19991218,1999
EOS-CHEM Aura ,Vandenberg AFB,California,34.7425933,-120.5155986,20040715,2004
"EOS-PM Aqua (Advanced Microwave Scanning Radiometer for EOS, EOS PM-1)",Vandenberg AFB,California,34.7425933,-120.5155986,20020504,2002
e-st@r-2,Guiana Space Center,French Guiana,5.21237515,-52.77388327,20160425,2016
Eurasiasat 1 (Turksat 2A),Guiana Space Center,French Guiana,5.21237515,-52.77388327,20010110,2001
Eutelsat 113 West-A (Satmex 6),Guiana Space Center,French Guiana,5.21237515,-52.77388327,20060527,2006
Eutelsat 115 West-B,Cape Canaveral,Florida,28.45077,-80.52662,20150302,2015
Eutelsat 117 West B (Satmex 9),Cape Canaveral,Florida,28.45077,-80.52662,20160615,2016
Eutelsat 12 West-A (Atlantic Bird 1) ,Guiana Space Center,French Guiana,5.21237515,-52.77388327,20020828,2002
Eutelsat 172B,Guiana Space Center,French Guiana,5.21237515,-52.77388327,20170601,2017
Eutelsat 25B (Esêhail 1),Guiana Space Center,French Guiana,5.21237515,-52.77388327,20130829,2013
"Eutelsat 33A (Eurobird 3, E-bird) ",Guiana Space Center,French Guiana,5.21237515,-52.77388327,20030927,2003
"Eutelsat 33C (Eutelsat 28A, Eurobird 1, Eurosat 1)",Guiana Space Center,French Guiana,5.21237515,-52.77388327,20010308,2001
Eutelsat 36A (Eutelsat W-4) ,Cape Canaveral,Florida,28.45077,-80.52662,20000524,2000
Eutelsat 3B,Ocean Odyssey,California,40.012573,-74.151876,20140526,2014
"Eutelsat 48B (Eutelsat 21B, Eutelsat W-6A)",Guiana Space Center,French Guiana,5.21237515,-52.77388327,20121110,2012
"Eutelsat 5 West-A (Atlantic Bird 3, Stellat 5)",Guiana Space Center,French Guiana,5.21237515,-52.77388327,20020705,2002
Eutelsat 65 West-A,Guiana Space Center,French Guiana,5.21237515,-52.77388327,20160309,2016
Eutelsat 7 West-A (Atlantic Bird 7),Ocean Odyssey,California,40.012573,-74.151876,20110924,2011
Eutelsat 70B (Eutelsat W5A),Ocean Odyssey,California,40.012573,-74.151876,20121203,2012
Eutelsat 8 West A (Atlantic Bird 2) ,Guiana Space Center,French Guiana,5.21237515,-52.77388327,20010925,2001
Eutelsat 8 West B,Guiana Space Center,French Guiana,5.21237515,-52.77388327,20150820,2015
"Eutelsat 8 West C (Eutelsat Hot Bird 13A, Hot Bird 6)",Cape Canaveral,Florida,28.45077,-80.52662,20020828,2002
"Eutelsat 9A (Eurobird 9A, Hot Bird 7A)",Guiana Space Center,French Guiana,5.21237515,-52.77388327,20060311,2006
"Eutelsat Hot Bird  13D (Eutelsat 3C, Hot Bird 10, Atlantic Bird 4A)",Guiana Space Center,French Guiana,5.21237515,-52.77388327,20090211,2009
Eutelsat Hot Bird 13C (Hot Bird 9),Guiana Space Center,French Guiana,5.21237515,-52.77388327,20081220,2008
Ex-Alta 1 (QB50 - CA03),International Space Center,Texas,29.5517223,-95.0985272,20170526,2017
Falconsat-3,Cape Canaveral,Florida,28.45077,-80.52662,20070309,2007
"FAST 1 (Sara Lilly and Emma, USA 222)",Kodiak Launch Complex,Alaska,57.4346198,-152.342484,20101120,2010
Fermi Gamma-Ray Space Telescope (formerly GLAST),Cape Canaveral,Florida,28.45077,-80.52662,20080611,2008
"FIA Radar 1 (Future Imagery Architecture (FIA) Radar 1, NROL-41, USA 215, Topaz)",Vandenberg AFB,California,34.7425933,-120.5155986,20100921,2010
"FIA Radar 2 (Future Imagery Architecture (FIA) Radar 2, NROL-25, USA 234, Topaz)",Vandenberg AFB,California,34.7425933,-120.5155986,20120403,2012
"FIA Radar 3 (Future Imagery Architecture (FIA) Radar 3, NROL-39 , USA 247, Topaz)",Vandenberg AFB,California,34.7425933,-120.5155986,20131206,2013
"FIA Radar 4 (Future Imagery Architecture (FIA) Radar 4, NROL-45, USA 267, Topax)",Vandenberg AFB,California,34.7425933,-120.5155986,20160210,2016
"Firebird-C (Focused Investigations of Relativistic Electron Burst, Intensity, Range, and Dynamics)",Vandenberg AFB,California,34.7425933,-120.5155986,20150131,2015
"Firebird-D (Focused Investigations of Relativistic Electron Burst, Intensity, Range, and Dynamics)",Vandenberg AFB,California,34.7425933,-120.5155986,20150131,2015
FLTSATCOM-8 (USA 46),Cape Canaveral,Florida,28.45077,-80.52662,19890925,1989
FormoSat-5,Vandenberg AFB,California,34.7425933,-120.5155986,20170825,2017
FORT‹ (Fast On-orbit Recording of Transient Events),Vandenberg AFB,California,34.7425933,-120.5155986,19970829,1997
Fox-1A (AO-85),Cape Canaveral,Florida,28.45077,-80.52662,20151008,2015
Galaxy-11,Guiana Space Center,French Guiana,5.21237515,-52.77388327,19990121,1999
Galaxy-12,Guiana Space Center,French Guiana,5.21237515,-52.77388327,20030409,2003
"Galaxy-13 (Horizons 1, Galaxy 13L)",Ocean Odyssey,California,40.012573,-74.151876,20031001,2003
Galaxy-15,Guiana Space Center,French Guiana,5.21237515,-52.77388327,20051013,2005
Galaxy-16 ,Ocean Odyssey,California,40.012573,-74.151876,20060618,2006
Galaxy-17,Guiana Space Center,French Guiana,5.21237515,-52.77388327,20070504,2007
Galaxy-18,Ocean Odyssey,California,40.012573,-74.151876,20080521,2008
Galaxy-19,Ocean Odyssey,California,40.012573,-74.151876,20080924,2008
"Galaxy-28 (G-28, Intelsat IA-8, Telstar 8)",Ocean Odyssey,California,40.012573,-74.151876,20050623,2005
Galaxy-3C,Ocean Odyssey,California,40.012573,-74.151876,20020615,2002
"Galileo FOC FM1 (0201, Galileo 5, PRN E18)",Guiana Space Center,French Guiana,5.21237515,-52.77388327,20140822,2014
"Galileo FOC FM10 (0210, Galileo 13, PRN E01)",Guiana Space Center,French Guiana,5.21237515,-52.77388327,20160524,2016
"Galileo FOC FM11 (0211, Galileo 14, PRN E02)",Guiana Space Center,French Guiana,5.21237515,-52.77388327,20160524,2016
"Galileo FOC FM12 (0212, Galileo 16)",Guiana Space Center,French Guiana,5.21237515,-52.77388327,20161117,2016
"Galileo FOC FM13 (0213, Galileo 17)",Guiana Space Center,French Guiana,5.21237515,-52.77388327,20161117,2016
"Galileo FOC FM14 (0214, Galileo 18)",Guiana Space Center,French Guiana,5.21237515,-52.77388327,20161117,2016
"Galileo FOC FM2 (0202, Galileo 6, PRN E14)",Guiana Space Center,French Guiana,5.21237515,-52.77388327,20140822,2014
"Galileo FOC FM3 (0203, Galileo 7, PRN E26)",Guiana Space Center,French Guiana,5.21237515,-52.77388327,20150327,2015
"Galileo FOC FM4 (0204, Galileo 8, PRN E22)",Guiana Space Center,French Guiana,5.21237515,-52.77388327,20150327,2015
"Galileo FOC FM5 (0205, Galileo 9, PRN E24)",Guiana Space Center,French Guiana,5.21237515,-52.77388327,20150911,2015
"Galileo FOC FM6 (0206, Galileo 10, PRN E30)",Guiana Space Center,French Guiana,5.21237515,-52.77388327,20150911,2015
"Galileo FOC FM7 (0207, Galileo 15)",Guiana Space Center,French Guiana,5.21237515,-52.77388327,20161117,2016
"Galileo FOC FM8 (0208, Galileo 11, PRN E08)",Guiana Space Center,French Guiana,5.21237515,-52.77388327,20151217,2015
"Galileo FOC FM9 (0209, Galileo 12, E09)",Guiana Space Center,French Guiana,5.21237515,-52.77388327,20151217,2015
"Galileo IOV-1 FM2 (0102, PRN E12)",Guiana Space Center,French Guiana,5.21237515,-52.77388327,20111021,2011
"Galileo IOV-1 PFM (0101, PRN E11)",Guiana Space Center,French Guiana,5.21237515,-52.77388327,20111021,2011
"Galileo IOV-2 FM3 (0103, PRN E19)",Guiana Space Center,French Guiana,5.21237515,-52.77388327,20121012,2012
"Galileo IOV-2 FM4 (0104, PRN E20)",Guiana Space Center,French Guiana,5.21237515,-52.77388327,20121012,2012
GEARRSAT-2 (Globalstar Experiment And Risk Reduction Satellite),Cape Canaveral,Florida,28.45077,-80.52662,20150520,2015
GeoEye-1 (Orbview 5),Vandenberg AFB,California,34.7425933,-120.5155986,20080906,2008
Geotail (Geomagnetic Tail Laboratory),Cape Canaveral,Florida,28.45077,-80.52662,19920724,1992
Globalstar M004 (Globalstar 4),Cape Canaveral,Florida,28.45077,-80.52662,19980214,1998
Globalstar M028 (Globalstar 26),Cape Canaveral,Florida,28.45077,-80.52662,19990725,1999
Globalstar M063 (Globalstar 49),Cape Canaveral,Florida,28.45077,-80.52662,20000208,2000
"GOES 13 (Geostationary Operational Environmental Satellite, GOES-N)",Cape Canaveral,Florida,28.45077,-80.52662,20060524,2006
"GOES 14 (Geostationary Operational Environmental Satellite, GOES-O)",Cape Canaveral,Florida,28.45077,-80.52662,20090627,2009
"GOES 15 (Geostationary Operational Ennvironmental Satellite, GOES-P)",Cape Canaveral,Florida,28.45077,-80.52662,20100304,2010
GOES 16 (Geostationary Operational Environmental Satellite GOES-R),Cape Canaveral,Florida,28.45077,-80.52662,20161119,2016
G_kt_rk 1,Guiana Space Center,French Guiana,5.21237515,-52.77388327,20161205,2016
GRIFEX (GEO-CAPE ROIC In-Flight Performance Experiment),Vandenberg AFB,California,34.7425933,-120.5155986,20150131,2015
GSAT-10,Guiana Space Center,French Guiana,5.21237515,-52.77388327,20120928,2012
GSAT-15,Guiana Space Center,French Guiana,5.21237515,-52.77388327,20150110,2015
GSAT-16,Guiana Space Center,French Guiana,5.21237515,-52.77388327,20141206,2014
GSAT-17,Guiana Space Center,French Guiana,5.21237515,-52.77388327,20170628,2017
GSAT-18,Guiana Space Center,French Guiana,5.21237515,-52.77388327,20161005,2016
GSAT-7,Guiana Space Center,French Guiana,5.21237515,-52.77388327,20130829,2013
GSAT-8,Guiana Space Center,French Guiana,5.21237515,-52.77388327,20110520,2011
"GSSAP 1 (Geosynchronous Space Situational Awareness Program, USA 253)",Cape Canaveral,Florida,28.45077,-80.52662,20140728,2014
"GSSAP 2 (Geosynchronous Space Situational Awareness Program, USA 254)",Cape Canaveral,Florida,28.45077,-80.52662,20140728,2014
"GSSAP 3 (Geosynchronous Space Situational Awareness Program, USA 270)",Cape Canaveral,Florida,28.45077,-80.52662,20160819,2016
"GSSAP 4 (Geosynchronous Space Situational Awareness Program, USA 271)",Cape Canaveral,Florida,28.45077,-80.52662,20160819,2016
Havelsat (QB50 - TR02),International Space Center,Texas,29.5517223,-95.0985272,20170516,2017
Helios 2A ,Guiana Space Center,French Guiana,5.21237515,-52.77388327,20041218,2004
Helios 2B,Guiana Space Center,French Guiana,5.21237515,-52.77388327,20091218,2009
Hellas Sat 3/INMARSAT S EAN,Guiana Space Center,French Guiana,5.21237515,-52.77388327,20170628,2017
"HellasSat 2 (Intelsat K-TV, NSS K-TV)",Cape Canaveral,Florida,28.45077,-80.52662,20030512,2003
"HESSI (RHESSI, Reuven Ramaty High Energy Solar Spectroscopic Imager)",Cape Canaveral,Florida,28.45077,-80.52662,20020205,2002
Hispasat 1D ,Cape Canaveral,Florida,28.45077,-80.52662,20020918,2002
Hispasat 1E,Guiana Space Center,French Guiana,5.21237515,-52.77388327,20101229,2010
Hispasat 36W-1 (Hispasat AG1),Guiana Space Center,French Guiana,5.21237515,-52.77388327,20170128,2017
"Hoopoe (Duchifat-2, QB50 - IL01)",International Space Center,Texas,29.5517223,-95.0985272,20170518,2017
Horizons 2,Guiana Space Center,French Guiana,5.21237515,-52.77388327,20071221,2007
"Hubble Space Telescope (HST, Space Telescope)",Cape Canaveral,Florida,28.45077,-80.52662,19900425,1990
HYLAS 1 (Highly Adaptable Satellite),Guiana Space Center,French Guiana,5.21237515,-52.77388327,20101126,2010
HYLAS 2 (Highly Adaptable Satellite),Guiana Space Center,French Guiana,5.21237515,-52.77388327,20120802,2012
i-INSPIRE-2 (QB50 - AU03),International Space Center,Texas,29.5517223,-95.0985272,20170527,2017
"Improved Trumpet 4 (NROL-22, National Reconnaissance Office Launch-22, SBIRS HEO-1, Twins 1, USA 184)",Vandenberg AFB,California,34.7425933,-120.5155986,20060628,2006
"Improved Trumpet 5 (NROL-28, National Reconnaissance Office Launch-28, SBIRS HEO-2, Twins 2, USA 200)",Vandenberg AFB,California,34.7425933,-120.5155986,20080313,2008
"Improved Trumpet 6 (NROL-35, National Reconnaissance Office Launch-35, SBIRS HEO-3, USA 259)",Vandenberg AFB,California,34.7425933,-120.5155986,20141213,2014
INMARSAT 3 F1 ,Cape Canaveral,Florida,28.45077,-80.52662,19960403,1996
INMARSAT 3 F3 ,Cape Canaveral,Florida,28.45077,-80.52662,19961218,1996
INMARSAT 3 F5 ,Guiana Space Center,French Guiana,5.21237515,-52.77388327,19980204,1998
INMARSAT 4 F1,Cape Canaveral,Florida,28.45077,-80.52662,20050311,2005
INMARSAT 4 F2,Ocean Odyssey,California,40.012573,-74.151876,20051108,2005
INMARSAT 5 F4,Cape Canaveral,Florida,28.45077,-80.52662,20170515,2017
INSAT 3A (Indian National Satellite),Guiana Space Center,French Guiana,5.21237515,-52.77388327,20030409,2003
INSAT 3C (Indian National Satellite),Guiana Space Center,French Guiana,5.21237515,-52.77388327,20020123,2002
INSAT 3D (Indian National Satellite),Guiana Space Center,French Guiana,5.21237515,-52.77388327,20130725,2013
INSAT 4A (Indian National Satellite),Guiana Space Center,French Guiana,5.21237515,-52.77388327,20051221,2005
INSAT 4B (Indian National Satellite),Guiana Space Center,French Guiana,5.21237515,-52.77388327,20070311,2007
Intelsat 11 (PAS 11),Guiana Space Center,French Guiana,5.21237515,-52.77388327,20071005,2007
"Intelsat 12 (Europe*Star 1, Europe*Star FM1, IS-12, PAS-12)",Guiana Space Center,French Guiana,5.21237515,-52.77388327,20001029,2000
Intelsat 14 (IS-14),Cape Canaveral,Florida,28.45077,-80.52662,20091123,2009
Intelsat 17 (IS-17),Guiana Space Center,French Guiana,5.21237515,-52.77388327,20101126,2010
Intelsat 19 (IS-19),Ocean Odyssey,California,40.012573,-74.151876,20120601,2012
"Intelsat 1R (IS-1R, PAS-1R, PanAmSat 1R)",Guiana Space Center,French Guiana,5.21237515,-52.77388327,20001115,2000
Intelsat 20 (IS-20),Guiana Space Center,French Guiana,5.21237515,-52.77388327,20120802,2012
Intelsat 21 (IS-21),Ocean Odyssey,California,40.012573,-74.151876,20120819,2012
"Intelsat 25 (IS-25, Protostar 1, Chinasat 8)",Guiana Space Center,French Guiana,5.21237515,-52.77388327,20080707,2008
"Intelsat 26 (JCSat R, JCSAT-4, Japan Communications Satellite 4)",Cape Canaveral,Florida,28.45077,-80.52662,19970216,1997
Intelsat 29E,Guiana Space Center,French Guiana,5.21237515,-52.77388327,20160127,2016
Intelsat 30/DLA 1,Guiana Space Center,French Guiana,5.21237515,-52.77388327,20141016,2014
Intelsat 33 (IS-33),Guiana Space Center,French Guiana,5.21237515,-52.77388327,20160824,2016
Intelsat 34,Guiana Space Center,French Guiana,5.21237515,-52.77388327,20150820,2015
Intelsat 35E,Cape Canaveral,Florida,28.45077,-80.52662,20170705,2017
Intelsat 36 (IS-36),Guiana Space Center,French Guiana,5.21237515,-52.77388327,20160824,2016
Intelsat 805 ,Guiana Space Center,French Guiana,5.21237515,-52.77388327,19980618,1998
"Intelsat 9 (IS-9, PAS-9) ",Ocean Odyssey,California,40.012573,-74.151876,20000728,2000
Intelsat 901 ,Cape Canaveral,Florida,28.45077,-80.52662,20010609,2001
Intelsat 902 ,Guiana Space Center,French Guiana,5.21237515,-52.77388327,20010830,2001
Intelsat 903 ,Guiana Space Center,French Guiana,5.21237515,-52.77388327,20020330,2002
Intelsat 905 ,Guiana Space Center,French Guiana,5.21237515,-52.77388327,20020605,2002
Intelsat 906 ,Guiana Space Center,French Guiana,5.21237515,-52.77388327,20020906,2002
Intelsat 907 ,Guiana Space Center,French Guiana,5.21237515,-52.77388327,20030215,2003
Intelsat New Dawn (Intelsat 28),Guiana Space Center,French Guiana,5.21237515,-52.77388327,20110422,2011
Interstellar Boundary EXplorer (IBEX),Kwajalein Island,Marshall Islands,8.7306189,167.7392822,20081019,2008
Iridium 15 (Iridium SV015),Vandenberg AFB,California,34.7425933,-120.5155986,19970709,1997
Iridium 18 (Iridium SV018),Vandenberg AFB,California,34.7425933,-120.5155986,19970709,1997
Iridium 19 (Iridium SV019),Vandenberg AFB,California,34.7425933,-120.5155986,19970927,1997
Iridium 22 (Iridium SV022),Vandenberg AFB,California,34.7425933,-120.5155986,19970821,1997
Iridium 23 (Iridium SV023),Vandenberg AFB,California,34.7425933,-120.5155986,19970821,1997
Iridium 25 (Iridium SV025),Vandenberg AFB,California,34.7425933,-120.5155986,19970821,1997
Iridium 34 (Iridium SV034),Vandenberg AFB,California,34.7425933,-120.5155986,19970927,1997
Iridium 35 (Iridium SV035),Vandenberg AFB,California,34.7425933,-120.5155986,19970927,1997
Iridium 37 (Iridium SV037),Vandenberg AFB,California,34.7425933,-120.5155986,19970927,1997
Iridium 41 (Iridium SV041),Vandenberg AFB,California,34.7425933,-120.5155986,19971109,1997
Iridium 45 (Iridium SV045),Vandenberg AFB,California,34.7425933,-120.5155986,19971220,1997
Iridium 46 (Iridium SV046),Vandenberg AFB,California,34.7425933,-120.5155986,19970821,1997
Iridium 47 (Iridium SV047),Vandenberg AFB,California,34.7425933,-120.5155986,19971220,1997
Iridium 49 (Iridium SV049),Vandenberg AFB,California,34.7425933,-120.5155986,19971220,1997
Iridium 5 (Iridium SV005),Vandenberg AFB,California,34.7425933,-120.5155986,19970505,1997
Iridium 50 (Iridium SV050),Vandenberg AFB,California,34.7425933,-120.5155986,19980218,1998
Iridium 52 (Iridium SV052),Vandenberg AFB,California,34.7425933,-120.5155986,19980218,1998
Iridium 53 (Iridium SV053),Vandenberg AFB,California,34.7425933,-120.5155986,19980218,1998
Iridium 54 (Iridium SV054),Vandenberg AFB,California,34.7425933,-120.5155986,19980218,1998
Iridium 55 (Iridium SV055),Vandenberg AFB,California,34.7425933,-120.5155986,19980330,1998
Iridium 56 (Iridium SV056),Vandenberg AFB,California,34.7425933,-120.5155986,19980218,1998
Iridium 58 (Iridium SV058),Vandenberg AFB,California,34.7425933,-120.5155986,19980330,1998
Iridium 59 (Iridium SV059),Vandenberg AFB,California,34.7425933,-120.5155986,19980330,1998
Iridium 6 (Iridium SV006),Vandenberg AFB,California,34.7425933,-120.5155986,19970506,1997
Iridium 60 (Iridium SV060),Vandenberg AFB,California,34.7425933,-120.5155986,19980330,1998
Iridium 7 (Iridium SV007),Vandenberg AFB,California,34.7425933,-120.5155986,19970505,1997
Iridium 70 (Iridium SV070),Vandenberg AFB,California,34.7425933,-120.5155986,19980517,1998
Iridium 72 (Iridium SV072),Vandenberg AFB,California,34.7425933,-120.5155986,19980517,1998
Iridium 74 (Iridium SV074),Vandenberg AFB,California,34.7425933,-120.5155986,19980517,1998
Iridium 75 (Iridium SV075),Vandenberg AFB,California,34.7425933,-120.5155986,19980517,1998
Iridium 77 (Iridium SV077),Vandenberg AFB,California,34.7425933,-120.5155986,19980908,1998
Iridium 8 (Iridium SV008),Vandenberg AFB,California,34.7425933,-120.5155986,19970505,1997
Iridium 80 (Iridium SV080),Vandenberg AFB,California,34.7425933,-120.5155986,19980908,1998
Iridium 81 (Iridium SV081),Vandenberg AFB,California,34.7425933,-120.5155986,19980908,1998
Iridium 83 (Iridium SV083),Vandenberg AFB,California,34.7425933,-120.5155986,19981106,1998
Iridium 84 (Iridium SV084),Vandenberg AFB,California,34.7425933,-120.5155986,19981106,1998
Iridium 86 (Iridium SV086),Vandenberg AFB,California,34.7425933,-120.5155986,19981106,1998
Iridium 90 (Iridium SV090),Vandenberg AFB,California,34.7425933,-120.5155986,20020211,2002
Iridium 91 (Iridium SV091),Vandenberg AFB,California,34.7425933,-120.5155986,20020211,2002
Iridium 94 (Iridium SV094),Vandenberg AFB,California,34.7425933,-120.5155986,20020211,2002
Iridium 95 (Iridium SV095),Vandenberg AFB,California,34.7425933,-120.5155986,20020211,2002
Iridium 96 (Iridium SV096),Vandenberg AFB,California,34.7425933,-120.5155986,20020211,2002
Iridium Next SV 102,Vandenberg AFB,California,34.7425933,-120.5155986,20170114,2017
Iridium Next SV 103,Vandenberg AFB,California,34.7425933,-120.5155986,20170114,2017
Iridium Next SV 104,Vandenberg AFB,California,34.7425933,-120.5155986,20170114,2017
Iridium Next SV 105,Vandenberg AFB,California,34.7425933,-120.5155986,20170114,2017
Iridium Next SV 106,Vandenberg AFB,California,34.7425933,-120.5155986,20170114,2017
Iridium Next SV 108,Vandenberg AFB,California,34.7425933,-120.5155986,20170114,2017
Iridium Next SV 109,Vandenberg AFB,California,34.7425933,-120.5155986,20170114,2017
Iridium Next SV 111,Vandenberg AFB,California,34.7425933,-120.5155986,20170114,2017
Iridium Next SV 112,Vandenberg AFB,California,34.7425933,-120.5155986,20170114,2017
Iridium Next SV 113,Vandenberg AFB,California,34.7425933,-120.5155986,20170625,2017
Iridium Next SV 114,Vandenberg AFB,California,34.7425933,-120.5155986,20170114,2017
Iridium Next SV 115,Vandenberg AFB,California,34.7425933,-120.5155986,20170625,2017
Iridium Next SV 117,Vandenberg AFB,California,34.7425933,-120.5155986,20170625,2017
Iridium Next SV 118,Vandenberg AFB,California,34.7425933,-120.5155986,20170625,2017
Iridium Next SV 120,Vandenberg AFB,California,34.7425933,-120.5155986,20170625,2017
Iridium Next SV 121,Vandenberg AFB,California,34.7425933,-120.5155986,20170625,2017
Iridium Next SV 123,Vandenberg AFB,California,34.7425933,-120.5155986,20170625,2017
Iridium Next SV 124,Vandenberg AFB,California,34.7425933,-120.5155986,20170625,2017
Iridium Next SV 126,Vandenberg AFB,California,34.7425933,-120.5155986,20170625,2017
Iridium Next SV 128,Vandenberg AFB,California,34.7425933,-120.5155986,20170625,2017
IRIS (Interface Region Imaging Spectrometer),Vandenberg AFB,California,34.7425933,-120.5155986,20130628,2013
ITF-2 (Tsukuba Oscar 89),International Space Center,Texas,29.5517223,-95.0985272,20170116,2017
Jason 2 ,Vandenberg AFB,California,34.7425933,-120.5155986,20080620,2008
Jason 3,Vandenberg AFB,California,34.7425933,-120.5155986,20160117,2016
"JCSat 10 (Japan Communications Satellite 10, JCSat 3A)",Guiana Space Center,French Guiana,5.21237515,-52.77388327,20060811,2006
"JCSat 110 (N-Sat-110, Superbird-D, Superbird-5, N-Sat-110)",Guiana Space Center,French Guiana,5.21237515,-52.77388327,20001007,2000
JCSat 13 (Japan Communications Satellite 13),Guiana Space Center,French Guiana,5.21237515,-52.77388327,20120515,2012
"JCSat 14 (JCSat 2B, Japan Communications Satellite 14)",Cape Canaveral,Florida,28.45077,-80.52662,20160506,2016
JCSat 15,Guiana Space Center,French Guiana,5.21237515,-52.77388327,20161221,2016
JCSat 16 ,Cape Canaveral,Florida,28.45077,-80.52662,20160814,2016
JCSat 1B (JCSAT 5),Guiana Space Center,French Guiana,5.21237515,-52.77388327,19971202,1997
"JCSat 2A (JCSAT 8, Japan Communications Satellite 8)",Guiana Space Center,French Guiana,5.21237515,-52.77388327,20020329,2002
"JCSat 4A (JCSAT 6, Japan Communications Satellite 6)",Cape Canaveral,Florida,28.45077,-80.52662,19990215,1999
"JCSat 9 (JCSat 5A, Japanese Communications Satellite 9)",Ocean Odyssey,California,40.012573,-74.151876,20060412,2006
"JCSat RA (JCSat 12, Japan Communications Satellite 12)",Guiana Space Center,French Guiana,5.21237515,-52.77388327,20090821,2009
KazEOSat-1 (Kazcosmos Earth Observation Satellite),Guiana Space Center,French Guiana,5.21237515,-52.77388327,20140430,2014
"Keyhole 5 (Advanced KH-11, KH-12-5, Improved Crystal, EIS-3, USA 186)",Vandenberg AFB,California,34.7425933,-120.5155986,20051019,2005
"Keyhole 6 (NRO L49, Advanced KH-11, KH-12-6, Improved Crystal, USA 224)",Vandenberg AFB,California,34.7425933,-120.5155986,20110120,2011
"Keyhole 7 (NRO L65, Advanced KH-11, Improved Crystal, USA 245)",Vandenberg AFB,California,34.7425933,-120.5155986,20130828,2013
Koreasat 5 (Mugungwha 5),Ocean Odyssey,California,40.012573,-74.151876,20060822,2006
Koreasat 6 (Mugungwha 6),Guiana Space Center,French Guiana,5.21237515,-52.77388327,20101229,2010
Koreasat 7 (Mugungwha 7),Guiana Space Center,French Guiana,5.21237515,-52.77388327,20170504,2017
"Lacrosse/Onyx 3 (Lacrosse-3, USA 133)",Vandenberg AFB,California,34.7425933,-120.5155986,19971024,1997
"Lacrosse/Onyx 4 (Lacrosse-4, USA 152)",Vandenberg AFB,California,34.7425933,-120.5155986,20000817,2000
"Lacrosse/Onyx 5 (Lacrosse-5, NROL 16, USA 182)",Cape Canaveral,Florida,28.45077,-80.52662,20050430,2005
Landsat 7 ,Vandenberg AFB,California,34.7425933,-120.5155986,19990415,1999
Landsat 8,Vandenberg AFB,California,34.7425933,-120.5155986,20130211,2013
Lemur-2-Angela (Lemur 2F31),Wallops Flight Facility,Virginia,37.93843385,-75.45752345,20170418,2017
Lemur-2-Anubhavthakur (Lemur 2-F16),Wallops Flight Facility,Virginia,37.93843385,-75.45752345,20161017,2016
Lemur-2-Austintacious (Lemur2-F20),Wallops Flight Facility,Virginia,37.93843385,-75.45752345,20161209,2016
Lemur-2-JennyBarna (Lemur 2F30),Wallops Flight Facility,Virginia,37.93843385,-75.45752345,20170418,2017
Lemur-2-Redfern-Goes (Lemur 2-F21),Wallops Flight Facility,Virginia,37.93843385,-75.45752345,20161209,2016
Lemur-2-RobMoore) (Lemur 2F33),Wallops Flight Facility,Virginia,37.93843385,-75.45752345,20170418,2017
Lemur-2-Sokolsky (Lemur 2-F14),Wallops Flight Facility,Virginia,37.93843385,-75.45752345,20161017,2016
Lemur-2-SpiroVision) (Lemur 2F32),Wallops Flight Facility,Virginia,37.93843385,-75.45752345,20170418,2017
Lemur-2-Trutna (Lemur 2-F18),Wallops Flight Facility,Virginia,37.93843385,-75.45752345,20161209,2016
Lemur-2-TrutnaHD (Lemur 2-F19),Wallops Flight Facility,Virginia,37.93843385,-75.45752345,20161209,2016
Lemur-2-Wingo (Lemur 2-F17),Wallops Flight Facility,Virginia,37.93843385,-75.45752345,20161017,2016
Lemur-2-Xiaoqing (Lemur-2 F15),Wallops Flight Facility,Virginia,37.93843385,-75.45752345,20161017,2016
"LilacSat-1 (QB50-CN02, Zidingxiang-1)",International Space Center,Texas,29.5517223,-95.0985272,20170526,2017
"LINK (QB50-KR01, Little Intelligent Nanosatellite of KAIST)",International Space Center,Texas,29.5517223,-95.0985272,20170518,2017
LMRSTSat (Low Mass Radio Science Transponder Satellite),Cape Canaveral,Florida,28.45077,-80.52662,20151008,2015
Mazaalai (Bird MM),International Space Center,Texas,29.5517223,-95.0985272,20170707,2017
M-Cubed/E1P-U2 (Michigan Multipurpose Minisat; Explorer 1 Prime - Unit 2 -  HRBE [William A. Hiscock Radiation Belt Explorer]),Vandenberg AFB,California,34.7425933,-120.5155986,20111028,2011
Measat 2 (Malaysia East Asia Sat 2),Guiana Space Center,French Guiana,5.21237515,-52.77388327,19961114,1996
Measat 3B (Malaysia East Asia Sat 3B),Guiana Space Center,French Guiana,5.21237515,-52.77388327,20140911,2014
"Mercury 1 (Advanced Vortex 1, USA 105)",Cape Canaveral,Florida,28.45077,-80.52662,19940827,1994
"Mercury 2 (Advanced Vortex 2, USA 118)",Cape Canaveral,Florida,28.45077,-80.52662,19960424,1996
"Mercury 3 (NROL 67, USA 250)",Cape Canaveral,Florida,28.45077,-80.52662,20140410,2014
"Meteosat 10 (MSGalaxy-3,MSG 3)",Guiana Space Center,French Guiana,5.21237515,-52.77388327,20120705,2012
Meteosat 11 (MSG 4),Guiana Space Center,French Guiana,5.21237515,-52.77388327,20150715,2015
"Meteosat 8 (MSGalaxy-1, MSG-1)",Guiana Space Center,French Guiana,5.21237515,-52.77388327,20020821,2002
"Meteosat 9 (MSGalaxy-2, MSG 2)",Guiana Space Center,French Guiana,5.21237515,-52.77388327,20051221,2005
Mexsat-3 (Mexsat Bicentenario),Guiana Space Center,French Guiana,5.21237515,-52.77388327,20121219,2012
Mexsat3 (Morelos-3),Cape Canaveral,Florida,28.45077,-80.52662,20151002,2015
MICROSCOPE (MICRO-Satellite _ tra”n_e Compens_e pour l'Observation du Principe d'Equivalence),Guiana Space Center,French Guiana,5.21237515,-52.77388327,20160425,2016
"Milstar DFS-1 (USA 99, Milstar 1-F1) (Military Strategic and Tactical Relay)",Cape Canaveral,Florida,28.45077,-80.52662,19940207,1994
"Milstar DFS-2 (USA 115, Milstar 1-F2) (Military Strategic and Tactical Relay)",Cape Canaveral,Florida,28.45077,-80.52662,19951106,1995
"Milstar DFS-4 (USA 157, Milstar 2-F2) (Military Strategic and Tactical Relay)",Cape Canaveral,Florida,28.45077,-80.52662,20010227,2001
"Milstar DFS-5 (USA 164, Milstar 2-F3) (Military Strategic and Tactical Relay)",Cape Canaveral,Florida,28.45077,-80.52662,20020116,2002
Milstar DFS-6 (USA 169) (Military Strategic and Tactical Relay),Cape Canaveral,Florida,28.45077,-80.52662,20030408,2003
MMS-1 (Magnetospheric Multiscale Mission),Cape Canaveral,Florida,28.45077,-80.52662,20150313,2015
MMS-2 (Magnetospheric Multiscale Mission),Cape Canaveral,Florida,28.45077,-80.52662,20150313,2015
MMS-3 (Magnetospheric Multiscale Mission),Cape Canaveral,Florida,28.45077,-80.52662,20150313,2015
MMS-4 (Magnetospheric Multiscale Mission),Cape Canaveral,Florida,28.45077,-80.52662,20150313,2015
MSAT 1 ,Guiana Space Center,French Guiana,5.21237515,-52.77388327,19960420,1996
"MSAT 2 (AMSC-1, ACTel-1)",Cape Canaveral,Florida,28.45077,-80.52662,19950407,1995
MTI (Multispectral Thermal Imager),Vandenberg AFB,California,34.7425933,-120.5155986,20000312,2000
MUOS-1 (Mobile User Objective System 1),Cape Canaveral,Florida,28.45077,-80.52662,20120224,2012
MUOS-2 (Mobile User Objective System 2),Cape Canaveral,Florida,28.45077,-80.52662,20130719,2013
MUOS-3 (Mobile User Objective System 3),Cape Canaveral,Florida,28.45077,-80.52662,20150121,2015
MUOS-4 (Mobile User Objective System 4),Cape Canaveral,Florida,28.45077,-80.52662,20150902,2015
MUOS-5 (Mobile User Objective System 5),Cape Canaveral,Florida,28.45077,-80.52662,20160624,2016
Nanosat-1,Guiana Space Center,French Guiana,5.21237515,-52.77388327,20041218,2004
"Navstar GPS IIF-1 (Navstar SVN 62, PRN 25, USA 213)",Cape Canaveral,Florida,28.45077,-80.52662,20100528,2010
"Navstar GPS IIF-10 (Navstar SVN 72, PRN 8, USA 262)",Cape Canaveral,Florida,28.45077,-80.52662,20150715,2015
"Navstar GPS IIF-11 (Navstar SVN 73, PRN 10, USA 265)",Cape Canaveral,Florida,28.45077,-80.52662,20151031,2015
"Navstar GPS IIF-12 (Navstar SVN 70, PRN 32, USA 266)",Cape Canaveral,Florida,28.45077,-80.52662,20160205,2016
"Navstar GPS IIF-2 (Navstar SVN 63, PRN 01, USA 232)",Cape Canaveral,Florida,28.45077,-80.52662,20110716,2011
"Navstar GPS IIF-3 (Navstar SVN 65, PRN 24, USA 239)",Cape Canaveral,Florida,28.45077,-80.52662,20121004,2012
"Navstar GPS IIF-4 (Navstar SVN 66, PRN 27, USA 242)",Cape Canaveral,Florida,28.45077,-80.52662,20130515,2013
"Navstar GPS IIF-5 (Navstar SVN 64, PRN 30, USA 248)",Cape Canaveral,Florida,28.45077,-80.52662,20140221,2014
"Navstar GPS IIF-6 (Navstar SVN 67, PRN 06, USA 251)",Cape Canaveral,Florida,28.45077,-80.52662,20140517,2014
"Navstar GPS IIF-7 (Navstar SVN 68, PRN 09, USA 256)",Cape Canaveral,Florida,28.45077,-80.52662,20140802,2014
"Navstar GPS IIF-8 (Navstar SVN 69, PRN 03, USA 258)",Cape Canaveral,Florida,28.45077,-80.52662,20141029,2014
"Navstar GPS IIF-9 (Navstar SVN 71, PRN 26, USA 260)",Cape Canaveral,Florida,28.45077,-80.52662,20150325,2015
"Navstar GPS IIR-10 (Navstar SVN 47, PRN 22, USA 175)",Cape Canaveral,Florida,28.45077,-80.52662,20031221,2003
"Navstar GPS IIR-11 (Navstar SVN 59, PRN 19, USA 177)",Cape Canaveral,Florida,28.45077,-80.52662,20040320,2004
"Navstar GPS IIR-12 (Navstar SVN 60, PRN 23, USA 178)",Cape Canaveral,Florida,28.45077,-80.52662,20040623,2004
"Navstar GPS IIR-13 (Navstar SVN 61, PRN 02, USA 180)",Cape Canaveral,Florida,28.45077,-80.52662,20041106,2004
"Navstar GPS IIR-2 (Navstar SVN 43, PRN 13, USA 132)",Cape Canaveral,Florida,28.45077,-80.52662,19970723,1997
"Navstar GPS IIR-3 (Navstar SVN 46, PRN 11, USA 145)",Cape Canaveral,Florida,28.45077,-80.52662,19991007,1999
"Navstar GPS IIR-4 (Navstar SVN 51, PRN 20, USA 150)",Cape Canaveral,Florida,28.45077,-80.52662,20000511,2000
"Navstar GPS IIR-5 (Navstar SVN 44, PRN 28, USA 151)",Cape Canaveral,Florida,28.45077,-80.52662,20000716,2000
"Navstar GPS IIR-6 (Navstar SVN 41, PRN 14, USA 154)",Cape Canaveral,Florida,28.45077,-80.52662,20001110,2000
"Navstar GPS IIR-7 (Navstar SVN 54, PRN 18, USA 156)",Cape Canaveral,Florida,28.45077,-80.52662,20010130,2001
"Navstar GPS IIR-8 (Navstar SVN 56, PRN 16, USA 166)",Cape Canaveral,Florida,28.45077,-80.52662,20030129,2003
"Navstar GPS IIR-9 (Navstar SVN 45, PRN 21, USA 168)",Cape Canaveral,Florida,28.45077,-80.52662,20030331,2003
"Navstar GPS IIR-M-1 (Navstar SVN 53, PRN 17, USA 183)",Cape Canaveral,Florida,28.45077,-80.52662,20050926,2005
"Navstar GPS IIR-M-2 (Navstar SVN 52, PRN 31, USA 190)",Cape Canaveral,Florida,28.45077,-80.52662,20060925,2006
"Navstar GPS IIR-M-3 (Navstar SVN 58, PRN 12, USA 192)",Cape Canaveral,Florida,28.45077,-80.52662,20061117,2006
"Navstar GPS IIR-M-4 (Navstar SVN 55, PRN 15, USA 196)",Cape Canaveral,Florida,28.45077,-80.52662,20071017,2007
"Navstar GPS IIR-M-5 (Navstar SVN 57, PRN 29, USA 199)",Cape Canaveral,Florida,28.45077,-80.52662,20071220,2007
"Navstar GPS IIR-M-6 (Navstar SVN 48, PRN 07, USA 201)",Cape Canaveral,Florida,28.45077,-80.52662,20080315,2008
"Navstar GPS IIR-M-8 (Navstar SVN 50, PRN 05, USA 206)",Cape Canaveral,Florida,28.45077,-80.52662,20090817,2009
NigeriaEduSat-1 (BIRD NN),International Space Center,Texas,29.5517223,-95.0985272,20170707,2017
Nilesat 102 ,Guiana Space Center,French Guiana,5.21237515,-52.77388327,20000817,2000
Nilesat 201,Guiana Space Center,French Guiana,5.21237515,-52.77388327,20100804,2010
NJUST-1 (QB50 - CN03),International Space Center,Texas,29.5517223,-95.0985272,20170525,2017
NOAA-15 (NOAA-K),Vandenberg AFB,California,34.7425933,-120.5155986,19980513,1998
"NOAA-18 (NOAA-N, COSPAS-SARSAT)",Vandenberg AFB,California,34.7425933,-120.5155986,20050520,2005
"NOAA-19 (NOAA-N Prime, COSPAS-SARSAT)",Vandenberg AFB,California,34.7425933,-120.5155986,20090206,2009
NPP (National Polar-orbiting Operational Environmental Satellite System [NPOESS]),Vandenberg AFB,California,34.7425933,-120.5155986,20111028,2011
NROL-76 (USA 276),Cape Canaveral,Florida,28.45077,-80.52662,20170501,2017
Nsight-1 (QB50 - AZ02),International Space Center,Texas,29.5517223,-95.0985272,20170526,2017
NSS-12,Guiana Space Center,French Guiana,5.21237515,-52.77388327,20091029,2009
NSS-5 (Intelsat 803),Guiana Space Center,French Guiana,5.21237515,-52.77388327,19970923,1997
NSS-6 ,Guiana Space Center,French Guiana,5.21237515,-52.77388327,20021217,2002
NSS-7 ,Guiana Space Center,French Guiana,5.21237515,-52.77388327,20020416,2002
NSS-806 (Intelsat 806),Guiana Space Center,French Guiana,5.21237515,-52.77388327,19980219,1998
NSS-9,Guiana Space Center,French Guiana,5.21237515,-52.77388327,20090211,2009
N-Star C ,Guiana Space Center,French Guiana,5.21237515,-52.77388327,20020705,2002
NuSTAR (Nuclear Spectroscopic Telescope Array),Kwajalein Island,Marshall Islands,8.7306189,167.7392822,20120613,2012
"O/OREOS (Organism/Organic Exposure to Orbital Stresses, USA 219)",Kodiak Launch Complex,Alaska,57.4346198,-152.342484,20101120,2010
O3b FM02,Guiana Space Center,French Guiana,5.21237515,-52.77388327,20130625,2013
O3b FM03,Guiana Space Center,French Guiana,5.21237515,-52.77388327,20140710,2014
O3b FM04,Guiana Space Center,French Guiana,5.21237515,-52.77388327,20130625,2013
O3b FM05 (Other 3 Billion),Guiana Space Center,French Guiana,5.21237515,-52.77388327,20130625,2013
O3b FM06,Guiana Space Center,French Guiana,5.21237515,-52.77388327,20140710,2014
O3B FM07,Guiana Space Center,French Guiana,5.21237515,-52.77388327,20140710,2014
O3B FM08,Guiana Space Center,French Guiana,5.21237515,-52.77388327,20140710,2014
O3B FM09,Guiana Space Center,French Guiana,5.21237515,-52.77388327,20141218,2014
O3B FM10,Guiana Space Center,French Guiana,5.21237515,-52.77388327,20141218,2014
O3B FM11,Guiana Space Center,French Guiana,5.21237515,-52.77388327,20141218,2014
O3B FM12,Guiana Space Center,French Guiana,5.21237515,-52.77388327,20141218,2014
O3b PFM,Guiana Space Center,French Guiana,5.21237515,-52.77388327,20130625,2013
OCO 2__(Orbiting Carbon Observatory),Vandenberg AFB,California,34.7425933,-120.5155986,20140702,2014
Optsat-3000,Guiana Space Center,French Guiana,5.21237515,-52.77388327,20170801,2017
Optus 10,Guiana Space Center,French Guiana,5.21237515,-52.77388327,20140911,2014
Optus and Defence C1 ,Guiana Space Center,French Guiana,5.21237515,-52.77388327,20030612,2003
Optus D1 ,Guiana Space Center,French Guiana,5.21237515,-52.77388327,20061013,2006
Optus D2,Guiana Space Center,French Guiana,5.21237515,-52.77388327,20071005,2007
Optus D3,Guiana Space Center,French Guiana,5.21237515,-52.77388327,20090821,2009
ORBCOMM FM-10 (ORBCOMM A2),Wallops Flight Facility,Virginia,37.93843385,-75.45752345,19971223,1997
ORBCOMM FM-11 (ORBCOMM A3),Wallops Flight Facility,Virginia,37.93843385,-75.45752345,19971223,1997
ORBCOMM FM-12 (ORBCOMM A4),Wallops Flight Facility,Virginia,37.93843385,-75.45752345,19971223,1997
ORBCOMM FM-13 (ORBCOMM B1),Wallops Flight Facility,Virginia,37.93843385,-75.45752345,19980802,1998
ORBCOMM FM-14 (ORBCOMM B2),Wallops Flight Facility,Virginia,37.93843385,-75.45752345,19980802,1998
ORBCOMM FM-15 (ORBCOMM B3),Wallops Flight Facility,Virginia,37.93843385,-75.45752345,19980802,1998
ORBCOMM FM-16 (ORBCOMM B4),Wallops Flight Facility,Virginia,37.93843385,-75.45752345,19980802,1998
ORBCOMM FM-18 (ORBCOMM B6),Wallops Flight Facility,Virginia,37.93843385,-75.45752345,19980802,1998
ORBCOMM FM-19 (ORBCOMM B7),Wallops Flight Facility,Virginia,37.93843385,-75.45752345,19980802,1998
ORBCOMM FM-20 (ORBCOMM B8),Wallops Flight Facility,Virginia,37.93843385,-75.45752345,19980802,1998
ORBCOMM FM-21 (ORBCOMM C1),Wallops Flight Facility,Virginia,37.93843385,-75.45752345,19980923,1998
ORBCOMM FM-23 (ORBCOMM C3),Wallops Flight Facility,Virginia,37.93843385,-75.45752345,19980923,1998
ORBCOMM FM-27 (ORBCOMM C7),Wallops Flight Facility,Virginia,37.93843385,-75.45752345,19980923,1998
ORBCOMM FM-30 (ORBCOMM D2),Wallops Flight Facility,Virginia,37.93843385,-75.45752345,19991204,1999
ORBCOMM FM-31 (ORBCOMM D3),Wallops Flight Facility,Virginia,37.93843385,-75.45752345,19991204,1999
ORBCOMM FM-32 (ORBCOMM D4),Wallops Flight Facility,Virginia,37.93843385,-75.45752345,19991204,1999
ORBCOMM FM-34 (ORBCOMM D6),Wallops Flight Facility,Virginia,37.93843385,-75.45752345,19991204,1999
ORBCOMM FM-35 (ORBCOMM D7),Wallops Flight Facility,Virginia,37.93843385,-75.45752345,19991204,1999
ORBCOMM FM-36 (ORBCOMM D8),Wallops Flight Facility,Virginia,37.93843385,-75.45752345,19991204,1999
ORBCOMM FM-4 (ORBCOM G2),Vandenberg AFB,California,34.7425933,-120.5155986,19980210,1998
ORBCOMM FM-5 (ORBCOMM A6),Wallops Flight Facility,Virginia,37.93843385,-75.45752345,19971223,1997
ORBCOMM FM-6 (ORBCOMM A7),Wallops Flight Facility,Virginia,37.93843385,-75.45752345,19971223,1997
ORBCOMM FM-7 (ORBCOMM A8),Wallops Flight Facility,Virginia,37.93843385,-75.45752345,19971223,1997
ORBCOMM FM-8 (ORBCOMM A1),Wallops Flight Facility,Virginia,37.93843385,-75.45752345,19971223,1997
ORBCOMM FM-9 (ORBCOMM A5),Wallops Flight Facility,Virginia,37.93843385,-75.45752345,19971223,1997
ORBCOMM OG2 FM-103,Cape Canaveral,Florida,28.45077,-80.52662,20140714,2014
ORBCOMM OG2 FM-104,Cape Canaveral,Florida,28.45077,-80.52662,20140714,2014
ORBCOMM OG2 FM-105,Cape Canaveral,Florida,28.45077,-80.52662,20151222,2015
ORBCOMM OG2 FM-107,Cape Canaveral,Florida,28.45077,-80.52662,20140714,2014
ORBCOMM OG2 FM-108,Cape Canaveral,Florida,28.45077,-80.52662,20151222,2015
ORBCOMM OG2 FM-109,Cape Canaveral,Florida,28.45077,-80.52662,20140714,2014
ORBCOMM OG2 FM-110,Cape Canaveral,Florida,28.45077,-80.52662,20151222,2015
ORBCOMM OG2 FM-112,Cape Canaveral,Florida,28.45077,-80.52662,20151222,2015
ORBCOMM OG2 FM-113,Cape Canaveral,Florida,28.45077,-80.52662,20151222,2015
ORBCOMM OG2 FM-114,Cape Canaveral,Florida,28.45077,-80.52662,20151222,2015
ORBCOMM OG2 FM-115,Cape Canaveral,Florida,28.45077,-80.52662,20151222,2015
ORBCOMM OG2 FM-116,Cape Canaveral,Florida,28.45077,-80.52662,20151222,2015
ORBCOMM OG2 FM-117,Cape Canaveral,Florida,28.45077,-80.52662,20151222,2015
ORBCOMM OG2 FM-118,Cape Canaveral,Florida,28.45077,-80.52662,20151222,2015
ORBCOMM OG2 FM-119,Cape Canaveral,Florida,28.45077,-80.52662,20151222,2015
"ORS-5 (Operationally Responsive Space-5, SensorSat)",Cape Canaveral,Florida,28.45077,-80.52662,20170826,2017
OSNSat (Open Space Network Satellite),International Space Center,Texas,29.5517223,-95.0985272,20170120,2017
Palapa C2 ,Guiana Space Center,French Guiana,5.21237515,-52.77388327,19960515,1996
"PAN-1 (Nemesis, Palladium at Night, P360, USA 207)",Cape Canaveral,Florida,28.45077,-80.52662,20090908,2009
ParkinsonSat-1,Cape Canaveral,Florida,28.45077,-80.52662,20150520,2015
"PCSat (Prototype Communications SATellite, Navy-Oscar 44, NO-44)",Kodiak Launch Complex,Alaska,57.4346198,-152.342484,20010930,2001
PeruSat-1,Guiana Space Center,French Guiana,5.21237515,-52.77388327,20160916,2016
Phoenix (QB50 - TW01),International Space Center,Texas,29.5517223,-95.0985272,20170418,2017
Pl_iades HR1A,Guiana Space Center,French Guiana,5.21237515,-52.77388327,20111217,2011
Pl_iades HR1B,Guiana Space Center,French Guiana,5.21237515,-52.77388327,20121202,2012
PolyITAN-2-SAU (QB50 - UA01),International Space Center,Texas,29.5517223,-95.0985272,20170527,2017
Proba V (Project for On-Board Autonomy),Guiana Space Center,French Guiana,5.21237515,-52.77388327,20130507,2013
Prometheus 2.1,Vandenberg AFB,California,34.7425933,-120.5155986,20161111,2016
Prometheus 2.2,Vandenberg AFB,California,34.7425933,-120.5155986,20161111,2016
Prometheus 2.3,Cape Canaveral,Florida,28.45077,-80.52662,20170826,2017
Prometheus 2.4,Cape Canaveral,Florida,28.45077,-80.52662,20170826,2017
PropCube-1 (PropCube Merryweather),Cape Canaveral,Florida,28.45077,-80.52662,20151008,2015
PropCube-3 (PropCube Flora),Cape Canaveral,Florida,28.45077,-80.52662,20151008,2015
"Rapid Pathfinder Program (NROL-66, USA 225)",Vandenberg AFB,California,34.7425933,-120.5155986,20110206,2011
Rascom-QAF 1R,Guiana Space Center,French Guiana,5.21237515,-52.77388327,20100804,2010
RAVAN (Radiometer Assessment using Vertically Aligned Nanotubes),Vandenberg AFB,California,34.7425933,-120.5155986,20161111,2016
"SBIRS GEO 1 (Space Based Infrared System Geosynchronous 1, USA 230)",Cape Canaveral,Florida,28.45077,-80.52662,20110507,2011
"SBIRS GEO 2 (Space Based Infrared System Geosynchronous 2, USA 241)",Cape Canaveral,Florida,28.45077,-80.52662,20130319,2013
"SBIRS GEO 3 (Space Based Infrared System Geosynchronous 3, USA 273)",Cape Canaveral,Florida,28.45077,-80.52662,20170120,2017
"SBSS-1 (Space Based Space Surveillance Satellite, SBSS Block 10 SV1, USA 216)",Vandenberg AFB,California,34.7425933,-120.5155986,20100926,2010
"SB-WASS 3-3 (Space Based Wide Area Surveillance System) (NOSS 3-3, USA 181, NRO L23, Intruder) ",Cape Canaveral,Florida,28.45077,-80.52662,20050203,2005
"SB-WASS 3-3 (Space Based Wide Area Surveillance System) (NOSS 3-3, USA 181, NRO L23, Intruder) ",Cape Canaveral,Florida,28.45077,-80.52662,20050203,2005
"SB-WASS 3-4 (Space Based Wide Area Surveillance System) NOSS 3-4, USA 194, NRO L30, Intruder)",Cape Canaveral,Florida,28.45077,-80.52662,20070615,2007
"SB-WASS 3-4 (Space Based Wide Area Surveillance System) NOSS 3-4, USA 194, NRO L30, Intruder)",Cape Canaveral,Florida,28.45077,-80.52662,20070615,2007
"SB-WASS 3-5 (Space Based Wide Area Surveillance System) NOSS 3-5, USA 229, NRO L34, Intruder)",Vandenberg AFB,California,34.7425933,-120.5155986,20110415,2011
"SB-WASS 3-5 (Space Based Wide Area Surveillance System) NOSS 3-5, USA 229, NRO L34, Intruder)",Vandenberg AFB,California,34.7425933,-120.5155986,20110415,2011
"SB-WASS 3-6 (Space Based Wide Area Surveillance System) NOSS 3-6, USA 238, NRO L36, Intruder)",Vandenberg AFB,California,34.7425933,-120.5155986,20120913,2012
"SB-WASS 3-6 (Space Based Wide Area Surveillance System) NOSS 3-6, USA 238, NRO L36, Intruder)",Vandenberg AFB,California,34.7425933,-120.5155986,20120913,2012
"SB-WASS 3-7 (Space Based Wide Area Surveillance System) NOSS 3-7, USA 264, NRO L55, Intruder)",Vandenberg AFB,California,34.7425933,-120.5155986,20151008,2015
"SB-WASS 3-7 (Space Based Wide Area Surveillance System) NOSS 3-7, USA 264, NRO L55, Intruder)",Vandenberg AFB,California,34.7425933,-120.5155986,20151008,2015
"SB-WASS 3-8 (Space Based Wide Area Surveillance System) NOSS 3-8, USA 274, NRO L79, Intruder)",Vandenberg AFB,California,34.7425933,-120.5155986,20170301,2017
"SB-WASS 3-8 (Space Based Wide Area Surveillance System) NOSS 3-8, USA 274, NRO L79, Intruder)",Vandenberg AFB,California,34.7425933,-120.5155986,20170301,2017
SCD-1 (Sat_lite de Coleta de Dados),Cape Canaveral,Florida,28.45077,-80.52662,19930209,1993
SCD-2 (Sat_lite de Coleta de Dados),Cape Canaveral,Florida,28.45077,-80.52662,19981023,1998
Scisat-1 (Atmospheric Chemistry Experiment),Vandenberg AFB,California,34.7425933,-120.5155986,20030812,2003
SDO (Solar Dynamics Observatory),Cape Canaveral,Florida,28.45077,-80.52662,20100211,2010
"SDS III-4 (Satellite Data System) (NRO L-1, USA 179, Quasar) ",Cape Canaveral,Florida,28.45077,-80.52662,20040831,2004
"SDS III-5 (Satellite Data System) (NRO L-24, USA 198, Quasar) ",Cape Canaveral,Florida,28.45077,-80.52662,20071210,2007
"SDS III-6 (Satellite Data System) NRO L-27, USA 227, Quasar)",Cape Canaveral,Florida,28.45077,-80.52662,20110302,2011
"SDS III-7 (Satellite Data System) NRO L-38, USA 236, Quasar)",Cape Canaveral,Florida,28.45077,-80.52662,20120620,2012
"SDS III-8 (Satellite Data System) NRO L-33, USA 252, Quasar)",Cape Canaveral,Florida,28.45077,-80.52662,20140522,2014
"SDS IV-1 (Satellite Data System, NRO L-61, USA 269, Quasar)",Cape Canaveral,Florida,28.45077,-80.52662,20160728,2016
Sentinel 1A,Guiana Space Center,French Guiana,5.21237515,-52.77388327,20140403,2014
Sentinel 1B,Guiana Space Center,French Guiana,5.21237515,-52.77388327,20160425,2016
Sentinel 2A,Guiana Space Center,French Guiana,5.21237515,-52.77388327,20150623,2015
Sentinel 2B,Guiana Space Center,French Guiana,5.21237515,-52.77388327,20170306,2017
SES-10,Cape Canaveral,Florida,28.45077,-80.52662,20170330,2017
SES-15,Guiana Space Center,French Guiana,5.21237515,-52.77388327,20170518,2017
SES-2,Guiana Space Center,French Guiana,5.21237515,-52.77388327,20110921,2011
SES-8,Cape Canaveral,Florida,28.45077,-80.52662,20131203,2013
SES-9,Cape Canaveral,Florida,28.45077,-80.52662,20160304,2016
SGDC (Geostationary Satellite for Communications and Defense),Guiana Space Center,French Guiana,5.21237515,-52.77388327,20170504,2017
SGSat (KySat-3),International Space Center,Texas,29.5517223,-95.0985272,20170418,2017
SHARC (Spacecraft for High Accuracy Radar Calibration),International Space Center,Texas,29.5517223,-95.0985272,20170518,2017
Sicral 1A ,Guiana Space Center,French Guiana,5.21237515,-52.77388327,20010207,2001
Sicral 1B,Ocean Odyssey,California,40.012573,-74.151876,20090420,2009
Sicral 2/Syracuse 3C,Guiana Space Center,French Guiana,5.21237515,-52.77388327,20150426,2015
SINOD D-1,Cape Canaveral,Florida,28.45077,-80.52662,20151008,2015
SINOD D-3,Cape Canaveral,Florida,28.45077,-80.52662,20151008,2015
Sky Mexico-1,Guiana Space Center,French Guiana,5.21237515,-52.77388327,20150527,2015
Sky Muster 1 (NBN-1A),Guiana Space Center,French Guiana,5.21237515,-52.77388327,20150930,2015
Sky Muster 2 (NBN-1B),Guiana Space Center,French Guiana,5.21237515,-52.77388327,20161005,2016
SkyBrasil-1 (Intelsat 32E),Guiana Space Center,French Guiana,5.21237515,-52.77388327,20170214,2017
Skynet 4C ,Guiana Space Center,French Guiana,5.21237515,-52.77388327,19900830,1990
Skynet 4E ,Guiana Space Center,French Guiana,5.21237515,-52.77388327,19990226,1999
Skynet 4F ,Guiana Space Center,French Guiana,5.21237515,-52.77388327,20010207,2001
Skynet 5A,Guiana Space Center,French Guiana,5.21237515,-52.77388327,20070311,2007
Skynet 5B,Guiana Space Center,French Guiana,5.21237515,-52.77388327,20071114,2007
Skynet 5C,Guiana Space Center,French Guiana,5.21237515,-52.77388327,20080612,2008
Skynet 5D,Guiana Space Center,French Guiana,5.21237515,-52.77388327,20121219,2012
Skysat-4,Guiana Space Center,French Guiana,5.21237515,-52.77388327,20160916,2016
Skysat-5,Guiana Space Center,French Guiana,5.21237515,-52.77388327,20160916,2016
Skysat-6,Guiana Space Center,French Guiana,5.21237515,-52.77388327,20160916,2016
Skysat-7,Guiana Space Center,French Guiana,5.21237515,-52.77388327,20160916,2016
SLDCOM-3 (Satellite Launch Dispenser Communications System) (USA 119),Vandenberg AFB,California,34.7425933,-120.5155986,19960512,1996
SMAP (Soil Moisture Active Passive Satellite),Vandenberg AFB,California,34.7425933,-120.5155986,20150131,2015
SMDC-ONE 1.1 (Techsat),Vandenberg AFB,California,34.7425933,-120.5155986,20120913,2012
SMDC-ONE 1.2 (ORSES [Operationally Responsive Space Enabler Satellite]),Vandenberg AFB,California,34.7425933,-120.5155986,20120913,2012
SMDC-ONE 2.3,Vandenberg AFB,California,34.7425933,-120.5155986,20131206,2013
SMDC-ONE 2.4,Vandenberg AFB,California,34.7425933,-120.5155986,20131206,2013
SNaP-3 Alice,Cape Canaveral,Florida,28.45077,-80.52662,20151008,2015
SNaP-3 Eddie,Cape Canaveral,Florida,28.45077,-80.52662,20151008,2015
SNaP-3 Jimi,Cape Canaveral,Florida,28.45077,-80.52662,20151008,2015
SNaP-3-1__(Space and Missile Defense Command NanoSat Program),Vandenberg AFB,California,34.7425933,-120.5155986,20131206,2013
SORCE (SOlar Radiation and Climate Experiment),Cape Canaveral,Florida,28.45077,-80.52662,20030125,2003
Spacecube (QB50-FR05),International Space Center,Texas,29.5517223,-95.0985272,20170518,2017
Spaceway 3,Guiana Space Center,French Guiana,5.21237515,-52.77388327,20070814,2007
Spaceway F1,Ocean Odyssey,California,40.012573,-74.151876,20050426,2005
Spaceway F2,Guiana Space Center,French Guiana,5.21237515,-52.77388327,20051116,2005
Spainsat,Guiana Space Center,French Guiana,5.21237515,-52.77388327,20060311,2006
SPIRALE-A (Système Pr_paratoire Infra-Rouge pour l'Alerte),Guiana Space Center,French Guiana,5.21237515,-52.77388327,20090211,2009
SPIRALE-B (Système Pr_paratoire Infra-Rouge pour l'Alerte),Guiana Space Center,French Guiana,5.21237515,-52.77388327,20090211,2009
SSOT (Sistema Satelital para la Observaciæn de la Tierra),Guiana Space Center,French Guiana,5.21237515,-52.77388327,20111217,2011
ST-2 (Singapore-Taiwan 2),Guiana Space Center,French Guiana,5.21237515,-52.77388327,20110520,2011
Star One C1,Guiana Space Center,French Guiana,5.21237515,-52.77388327,20071114,2007
Star One C2,Guiana Space Center,French Guiana,5.21237515,-52.77388327,20080418,2008
Star One C3,Guiana Space Center,French Guiana,5.21237515,-52.77388327,20121110,2012
Star One C4,Guiana Space Center,French Guiana,5.21237515,-52.77388327,20150715,2015
Star One D1,Guiana Space Center,French Guiana,5.21237515,-52.77388327,20161221,2016
STARE-B (Horus [Space-Based Telescopes for Actionable Refinement of Ephemeris]),Wallops Flight Facility,Virginia,37.93843385,-75.45752345,20131119,2013
STARS-C Oyaki,International Space Center,Texas,29.5517223,-95.0985272,20161219,2016
STPSat-2 (USA 217),Kodiak Launch Complex,Alaska,57.4346198,-152.342484,20101120,2010
STPSat-3 (Space Test Program Satellite-3) ,Wallops Flight Facility,Virginia,37.93843385,-75.45752345,20131119,2013
"STSS ATRR (Space Tracking and Surveillance System Advanced Technology Risk Reduction Satellite, USA 205)",Vandenberg AFB,California,34.7425933,-120.5155986,20090505,2009
STSS Demo-1 (Space Tracking and Surveillance System Demonstrator),Cape Canaveral,Florida,28.45077,-80.52662,20090925,2009
STSS Demo-2 (Space Tracking and Surveillance System Demonstrator),Cape Canaveral,Florida,28.45077,-80.52662,20090925,2009
Superbird 7 (Superbird C2),Guiana Space Center,French Guiana,5.21237515,-52.77388327,20080814,2008
Superbird-B2 (Superbird 4),Guiana Space Center,French Guiana,5.21237515,-52.77388327,20000218,2000
Swift ,Cape Canaveral,Florida,28.45077,-80.52662,20041120,2004
Syracuse 3A (Systeme de Radio Communications Utilisant un Satellite),Guiana Space Center,French Guiana,5.21237515,-52.77388327,20051013,2005
Syracuse 3B (Systeme de Radio Communications Utilisant un Satellite),Guiana Space Center,French Guiana,5.21237515,-52.77388327,20060811,2006
TacSat 4,Kodiak Launch Complex,Alaska,57.4346198,-152.342484,20110927,2011
TacSat 6,Vandenberg AFB,California,34.7425933,-120.5155986,20131205,2013
Tanyusha YuZGU-1 (Radioskaf RS-6),International Space Center,Texas,29.5517223,-95.0985272,20170817,2017
Tanyusha YuZGU-2 (Radioskaf RS-7),International Space Center,Texas,29.5517223,-95.0985272,20170817,2017
"TDRS-10 (Tracking and Data Relay Satellite, TDRS-J)",Cape Canaveral,Florida,28.45077,-80.52662,20021204,2002
"TDRS-11 (Tracking and Data Relay Satellite, TDRS K)",Cape Canaveral,Florida,28.45077,-80.52662,20130131,2013
"TDRS-12 (Tracking and Data Relay Satellite, TDRS L)",Cape Canaveral,Florida,28.45077,-80.52662,20140123,2014
"TDRS-13 (Tracking and Data Relay Satellite, TDRS M)",Cape Canaveral,Florida,28.45077,-80.52662,20170818,2017
"TDRS-3 (Tracking and Data Relay Satellite, TDRS-C) ",Cape Canaveral,Florida,28.45077,-80.52662,19880929,1988
"TDRS-5 (Tracking and Data Relay Satellite, TDRS-E)",Cape Canaveral,Florida,28.45077,-80.52662,19910802,1991
"TDRS-6 (Tracking and Data Relay Satellite, TDRS-F)",Cape Canaveral,Florida,28.45077,-80.52662,19930113,1993
"TDRS-7 (Tracking and Data Relay Satellite, TDRS-G)",Cape Canaveral,Florida,28.45077,-80.52662,19950713,1995
"TDRS-8 (Tracking and Data Relay Satellite, TDRS-H)",Cape Canaveral,Florida,28.45077,-80.52662,20000630,2000
"TDRS-9 (Tracking and Data Relay Satellite, TDRS-I)",Cape Canaveral,Florida,28.45077,-80.52662,20020308,2002
Telkom 2,Guiana Space Center,French Guiana,5.21237515,-52.77388327,20051116,2005
Telkom 3S,Guiana Space Center,French Guiana,5.21237515,-52.77388327,20170214,2017
Telstar 11N,Ocean Odyssey,California,40.012573,-74.151876,20090226,2009
Telstar 12 (Orion 2),Guiana Space Center,French Guiana,5.21237515,-52.77388327,19991019,1999
Telstar 18 (Apstar 5),Ocean Odyssey,California,40.012573,-74.151876,20040629,2004
TerraStar 1,Guiana Space Center,French Guiana,5.21237515,-52.77388327,20090701,2009
"Thaicom-4 (Ipstar 1, Measat 5)",Guiana Space Center,French Guiana,5.21237515,-52.77388327,20050811,2005
Thaicom-5,Guiana Space Center,French Guiana,5.21237515,-52.77388327,20060527,2006
Thaicom-6,Cape Canaveral,Florida,28.45077,-80.52662,20140106,2014
Thaicom-8,Cape Canaveral,Florida,28.45077,-80.52662,20160527,2016
THEMIS A (Time History of Events and Macroscale Interactions during Substorms) ,Cape Canaveral,Florida,28.45077,-80.52662,20070217,2007
THEMIS D (Time History of Events and Macroscale Interactions during Substorms) ,Cape Canaveral,Florida,28.45077,-80.52662,20070217,2007
THEMIS E (Time History of Events and Macroscale Interactions during Substorms) ,Cape Canaveral,Florida,28.45077,-80.52662,20070217,2007
Thor-3 ,Cape Canaveral,Florida,28.45077,-80.52662,19980610,1998
Thor-6,Guiana Space Center,French Guiana,5.21237515,-52.77388327,20091029,2009
Thor-7,Guiana Space Center,French Guiana,5.21237515,-52.77388327,20150426,2015
Thuraya 2 ,Ocean Odyssey,California,40.012573,-74.151876,20030610,2003
Thuraya 3,Ocean Odyssey,California,40.012573,-74.151876,20080115,2008
TIMED (Thermosphere _ Ionosphere _ Mesosphere _ Energetics and Dynamics),Vandenberg AFB,California,34.7425933,-120.5155986,20011207,2001
TNS-0-2 Nanosputnik,International Space Center,Texas,29.5517223,-95.0985272,20170817,2017
Toki (Bird JJ),International Space Center,Texas,29.5517223,-95.0985272,20170707,2017
Tomsk-TPU-120,International Space Center,Texas,29.5517223,-95.0985272,20170817,2017
"Trumpet 3 (NROL-4, National Reconnaissance Office Launch-4, USA 136)",Cape Canaveral,Florida,28.45077,-80.52662,19971108,1997
Turkmen Alem 52E/MonacoSAT,Cape Canaveral,Florida,28.45077,-80.52662,20150427,2015
Turksat 3A,Guiana Space Center,French Guiana,5.21237515,-52.77388327,20080612,2008
"UFO-10 (USA 146, UHF F/O F10) ""UHF Follow-On""",Cape Canaveral,Florida,28.45077,-80.52662,19991124,1999
"UFO-11  (USA 174) ""UHF Follow-On""",Cape Canaveral,Florida,28.45077,-80.52662,20031218,2003
"UFO-2 (USA 95) ""UHF Follow-On""",Cape Canaveral,Florida,28.45077,-80.52662,19930903,1993
"UFO-4 (USA 108, UFO F4 EHF) ""UHF Follow-On""",Cape Canaveral,Florida,28.45077,-80.52662,19950129,1995
"UFO-6 (USA 114, UFO F6 EHF) ""UHF Follow-On""",Cape Canaveral,Florida,28.45077,-80.52662,19951022,1995
"UFO-7 (USA 127, F7 EHF) ""UHF Follow-On""",Cape Canaveral,Florida,28.45077,-80.52662,19960725,1996
"UFO-8 (USA 138, UHF F/O F8) ""UHF Follow-On""",Cape Canaveral,Florida,28.45077,-80.52662,19980316,1998
UNSW-ECO (QB50 - AU02),International Space Center,Texas,29.5517223,-95.0985272,20170525,2017
"Van Allen Probe A (RBSP-A, Radiation Belt Storm Probes)",Cape Canaveral,Florida,28.45077,-80.52662,20120830,2012
"Van Allen Probe B (RBSP-B, Radiation Belt Storm Probes)",Cape Canaveral,Florida,28.45077,-80.52662,20120830,2012
Venµs,Guiana Space Center,French Guiana,5.21237515,-52.77388327,20170801,2017
ViaSat-2,Guiana Space Center,French Guiana,5.21237515,-52.77388327,20170601,2017
Vinasat 1,Guiana Space Center,French Guiana,5.21237515,-52.77388327,20080418,2008
Vinasat 2,Guiana Space Center,French Guiana,5.21237515,-52.77388327,20120515,2012
VNREDSat 1A__(Vietnam Natural Resources Environment and Disaster monitoring small Satellite),Guiana Space Center,French Guiana,5.21237515,-52.77388327,20130507,2013
"Wideband Global Satcom 1 (WGS-1, USA 195)",Cape Canaveral,Florida,28.45077,-80.52662,20071011,2007
"Wideband Global Satcom 2 (WGS-2, USA 204)",Cape Canaveral,Florida,28.45077,-80.52662,20090404,2009
"Wideband Global Satcom 3 (WGS-3, USA 211)",Cape Canaveral,Florida,28.45077,-80.52662,20091206,2009
"Wideband Global Satcom 4 (WGS-4, USA 233)",Cape Canaveral,Florida,28.45077,-80.52662,20120120,2012
"Wideband Global Satcom 5 (WGS-5, USA 243)",Cape Canaveral,Florida,28.45077,-80.52662,20130525,2013
"Wideband Global Satcom 6 (WGS-6, USA 244)",Cape Canaveral,Florida,28.45077,-80.52662,20130808,2013
"Wideband Global Satcom 7 (WGS-7, USA 263)",Cape Canaveral,Florida,28.45077,-80.52662,20150724,2015
"Wideband Global Satcom 8 (WGS-8, USA 272)",Cape Canaveral,Florida,28.45077,-80.52662,20161207,2016
"Wideband Global Satcom 9 (WGS-9, USA 275)",Cape Canaveral,Florida,28.45077,-80.52662,20170317,2017
WildBlue 1,Guiana Space Center,French Guiana,5.21237515,-52.77388327,20061208,2006
Worldview 1,Vandenberg AFB,California,34.7425933,-120.5155986,20070918,2007
Worldview 2,Vandenberg AFB,California,34.7425933,-120.5155986,20091008,2009
Worldview 3,Vandenberg AFB,California,34.7425933,-120.5155986,20140813,2014
Worldview 4,Vandenberg AFB,California,34.7425933,-120.5155986,20161111,2016
X37-B OTV-4 (USA 261),Cape Canaveral,Florida,28.45077,-80.52662,20150520,2015
XCubeSat (QB50 - FR01),International Space Center,Texas,29.5517223,-95.0985272,20170418,2017
XM Radio 3 (Rhythm),Ocean Odyssey,California,40.012573,-74.151876,20050301,2005
XM Radio 4 (Blues),Ocean Odyssey,California,40.012573,-74.151876,20061030,2006
XMM Newton (High Throughput X-ray Spectroscopy Mission),Guiana Space Center,French Guiana,5.21237515,-52.77388327,19991210,1999
XTAR-EUR,Guiana Space Center,French Guiana,5.21237515,-52.77388327,20050212,2005
Yahsat-1A (Y1A),Guiana Space Center,French Guiana,5.21237515,-52.77388327,20110422,2011
ZA-Aerosat (QB50 - AZ01),International Space Center,Texas,29.5517223,-95.0985272,20170518,2017